{
  "note": "بيانات تجريبية - الخدمات الإضافية والبنية التحتية",
  "version": "2025Q4",
  "districts": {
    "riyadh_olaya": {
      "fiber_coverage_percent": 95,
      "street_lighting_score": 92,
      "cleanliness_score": 90,
      "noise_level": 45,
      "safety_score": 93,
      "municipal_services_score": 91
    },
    "riyadh_malqa": {
      "fiber_coverage_percent": 92,
      "street_lighting_score": 90,
      "cleanliness_score": 88,
      "noise_level": 40,
      "safety_score": 91,
      "municipal_services_score": 89
    },
    "riyadh_narjis": {
      "fiber_coverage_percent": 90,
      "street_lighting_score": 89,
      "cleanliness_score": 87,
      "noise_level": 38,
      "safety_score": 90,
      "municipal_services_score": 88
    },
    "jeddah_rawdah": {
      "fiber_coverage_percent": 93,
      "street_lighting_score": 91,
      "cleanliness_score": 89,
      "noise_level": 42,
      "safety_score": 92,
      "municipal_services_score": 90
    },
    "jeddah_salamah": {
      "fiber_coverage_percent": 94,
      "street_lighting_score": 92,
      "cleanliness_score": 90,
      "noise_level": 41,
      "safety_score": 93,
      "municipal_services_score": 91
    },
    "dammam_faisaliyah": {
      "fiber_coverage_percent": 88,
      "street_lighting_score": 86,
      "cleanliness_score": 85,
      "noise_level": 50,
      "safety_score": 88,
      "municipal_services_score": 86
    }
  }
}

