[
  {
    "id": "riyadh",
    "name": "الرياض",
    "name_en": "Riyadh",
    "sale_price_per_m2": 4500,
    "rent_price_per_m2_month": 80,
    "sale_p25": 3200,
    "sale_p50": 4500,
    "sale_p75": 6200,
    "rent_p25": 60,
    "rent_p50": 80,
    "rent_p75": 110,
    "sale_yoy": 0.08,
    "rent_yoy": 0.05,
    "avg_days_to_sell": 48,
    "confidence": 0.88,
    "transactions": 85000,
    "note": "العاصمة - نمو قوي ومستمر"
  },
  {
    "id": "jeddah",
    "name": "جدة",
    "name_en": "Jeddah",
    "sale_price_per_m2": 4200,
    "rent_price_per_m2_month": 75,
    "sale_p25": 3000,
    "sale_p50": 4200,
    "sale_p75": 5800,
    "rent_p25": 55,
    "rent_p50": 75,
    "rent_p75": 100,
    "sale_yoy": 0.07,
    "rent_yoy": 0.04,
    "avg_days_to_sell": 50,
    "confidence": 0.85,
    "transactions": 62000,
    "note": "المدينة الساحلية - طلب مرتفع"
  },
  {
    "id": "dammam",
    "name": "الدمام",
    "name_en": "Dammam",
    "sale_price_per_m2": 3800,
    "rent_price_per_m2_month": 65,
    "sale_p25": 2800,
    "sale_p50": 3800,
    "sale_p75": 5000,
    "rent_p25": 50,
    "rent_p50": 65,
    "rent_p75": 85,
    "sale_yoy": 0.05,
    "rent_yoy": 0.03,
    "avg_days_to_sell": 55,
    "confidence": 0.80,
    "transactions": 38000,
    "note": "المنطقة الشرقية - استقرار نسبي"
  },
  {
    "id": "mecca",
    "name": "مكة المكرمة",
    "name_en": "Makkah",
    "sale_price_per_m2": 5200,
    "rent_price_per_m2_month": 90,
    "sale_p25": 3800,
    "sale_p50": 5200,
    "sale_p75": 7500,
    "rent_p25": 70,
    "rent_p50": 90,
    "rent_p75": 130,
    "sale_yoy": 0.09,
    "rent_yoy": 0.06,
    "avg_days_to_sell": 45,
    "confidence": 0.82,
    "transactions": 32000,
    "note": "المدينة المقدسة - طلب استثنائي"
  },
  {
    "id": "medina",
    "name": "المدينة المنورة",
    "name_en": "Madinah",
    "sale_price_per_m2": 4800,
    "rent_price_per_m2_month": 85,
    "sale_p25": 3500,
    "sale_p50": 4800,
    "sale_p75": 6800,
    "rent_p25": 65,
    "rent_p50": 85,
    "rent_p75": 115,
    "sale_yoy": 0.08,
    "rent_yoy": 0.05,
    "avg_days_to_sell": 47,
    "confidence": 0.83,
    "transactions": 28000,
    "note": "المدينة المنورة - نمو مستدام"
  }
]

